{
"lengthUnit": "mil",
"components": {
	"fields": ["COMPONENT_NO", "COMPONENT_NAME", "LAYER", "X_COORDINATE", "Y_COORDINATE", "ANGLE"],
	"rows": [
		[1, "5V", "T", 585, -1370, 0],
		[2, "230V", "T", 395, -535, 90],
		[3, "+5V1", "T", 235, -2315, 270],
		[4, "Arduino Nano", "T", 1645, -1635, 0],
		[5, "H1", "T", 2490, -230, 0],
		[6, "LED1", "T", 2610, -1430, 0],
		[7, "LED2", "T", 2610, -1675, 0],
		[8, "LED3", "T", 2610, -1925, 0],
		[9, "OUT1", "T", 2905, -525, 270],
		[10, "OUT2", "T", 2905, -970, 270],
		[11, "OUT3", "T", 2905, -1420, 270],
		[12, "PIR", "T", 565, -1710, 270],
		[13, "POWER LED", "T", 685, -425, 0],
		[14, "Q1", "T", 1920, -2200, 270],
		[15, "Q2", "T", 1330, -2200, 270],
		[16, "Q3", "T", 730, -2200, 270],
		[17, "R1", "T", 725, -705, 90],
		[18, "R2", "T", 1300, -1645, 90],
		[19, "R3", "T", 1390, -1645, 90],
		[20, "R4", "T", 1480, -1645, 90],
		[21, "R5", "T", 1570, -1645, 90],
		[22, "R6", "T", 1660, -1645, 90],
		[23, "R7", "T", 1750, -1645, 90],
		[24, "R8", "T", 1840, -1645, 90],
		[25, "R9", "T", 1930, -1645, 90],
		[26, "R10", "T", 2020, -1645, 90],
		[27, "Rectifier", "T", 1545, -780, 0],
		[28, "S1", "T", 2905, -1870, 270],
		[29, "S2", "T", 2905, -2320, 270],
		[30, "S3", "T", 2480, -2300, 180],
		[31, "SCREW1", "T", 205, -2535, 0],
		[32, "SCREW2", "T", 3240, -240, 0],
		[33, "SCREW3", "T", 205, -240, 0],
		[34, "SCREW4", "T", 3225, -2535, 0],
		[35, "SW1", "T", 420, -930, 0],
		[36, "SW2", "T", 300, -1665, 90],
		[37, "U5", "T", 290, -2030, 270],
		[38, "U6", "T", 2510, -470, 270],
		[39, "U7", "T", 2510, -795, 270],
		[40, "U8", "T", 2510, -1110, 270]
	]
},
"pins": {
	"fields": ["PIN_NO", "PIN_NAME", "PIN_X", "PIN_Y", "LAYER", "PIN_TYPE", "NET_NAME", "NET_TYPE", "PAD_SHAPE", "PAD_SIZEX", "PAD_SIZEY", "HOLE_SIZE", "PAD_ANGLE"],
	"rows": [
		[1, "5V_1", 703.12, -1278.47, "T", "DIP", "$1N2032", "", "O", 59.05, 149.61, 122.05, 0],
		[2, "5V_1", 703.12, -1278.47, "B", "DIP", "$1N2032", "", "O", 59.05, 149.61, 122.05, 0],
		[3, "5V_2", 466.89, -1278.47, "T", "DIP", "GND", "GND", "O", 59.05, 149.61, 122.05, 180],
		[4, "5V_2", 466.89, -1278.47, "B", "DIP", "GND", "GND", "O", 59.05, 149.61, 122.05, 180],
		[5, "5V_3", 604.68, -1461.54, "T", "DIP", "GND", "GND", "O", 59.05, 133.86, 102.35, 270],
		[6, "5V_3", 604.68, -1461.54, "B", "DIP", "GND", "GND", "O", 59.05, 133.86, 102.35, 270],
		[7, "230V_1", 395, -635, "T", "DIP", "$1N2021", "", "C", 78.74, 78.74, 51.18, 270],
		[8, "230V_1", 395, -635, "B", "DIP", "$1N2021", "", "C", 78.74, 78.74, 51.18, 270],
		[9, "230V_2", 395, -435, "T", "DIP", "$1N2020", "", "C", 78.74, 78.74, 51.18, 270],
		[10, "230V_2", 395, -435, "B", "DIP", "$1N2020", "", "C", 78.74, 78.74, 51.18, 270],
		[11, "+5V1_1", 235, -2265, "T", "DIP", "+5V", "", "R", 66.93, 66.93, 39.37, 270],
		[12, "+5V1_1", 235, -2265, "B", "DIP", "+5V", "", "R", 66.93, 66.93, 39.37, 270],
		[13, "+5V1_2", 235, -2365, "T", "DIP", "GND", "GND", "C", 66.93, 66.93, 39.37, 270],
		[14, "+5V1_2", 235, -2365, "B", "DIP", "GND", "GND", "C", 66.93, 66.93, 39.37, 270],
		[15, "Arduino Nano_1", 2345, -1335, "T", "DIP", "Arduino Nano_1", "", "R", 62.99, 62.99, 35.43, 0],
		[16, "Arduino Nano_1", 2345, -1335, "B", "DIP", "Arduino Nano_1", "", "R", 62.99, 62.99, 35.43, 0],
		[17, "Arduino Nano_2", 2245, -1335, "T", "DIP", "Arduino Nano_2", "", "C", 62.99, 62.99, 35.43, 0],
		[18, "Arduino Nano_2", 2245, -1335, "B", "DIP", "Arduino Nano_2", "", "C", 62.99, 62.99, 35.43, 0],
		[19, "Arduino Nano_3", 2145, -1335, "T", "DIP", "$1N5781", "", "C", 62.99, 62.99, 35.43, 0],
		[20, "Arduino Nano_3", 2145, -1335, "B", "DIP", "$1N5781", "", "C", 62.99, 62.99, 35.43, 0],
		[21, "Arduino Nano_4", 2045, -1335, "T", "DIP", "GND", "GND", "C", 62.99, 62.99, 35.43, 0],
		[22, "Arduino Nano_4", 2045, -1335, "B", "DIP", "GND", "GND", "C", 62.99, 62.99, 35.43, 0],
		[23, "Arduino Nano_5", 1945, -1335, "T", "DIP", "D2", "", "C", 62.99, 62.99, 35.43, 0],
		[24, "Arduino Nano_5", 1945, -1335, "B", "DIP", "D2", "", "C", 62.99, 62.99, 35.43, 0],
		[25, "Arduino Nano_6", 1845, -1335, "T", "DIP", "D3", "", "C", 62.99, 62.99, 35.43, 0],
		[26, "Arduino Nano_6", 1845, -1335, "B", "DIP", "D3", "", "C", 62.99, 62.99, 35.43, 0],
		[27, "Arduino Nano_7", 1745, -1335, "T", "DIP", "D4", "", "C", 62.99, 62.99, 35.43, 0],
		[28, "Arduino Nano_7", 1745, -1335, "B", "DIP", "D4", "", "C", 62.99, 62.99, 35.43, 0],
		[29, "Arduino Nano_8", 1645, -1335, "T", "DIP", "D5", "", "C", 62.99, 62.99, 35.43, 0],
		[30, "Arduino Nano_8", 1645, -1335, "B", "DIP", "D5", "", "C", 62.99, 62.99, 35.43, 0],
		[31, "Arduino Nano_9", 1545, -1335, "T", "DIP", "D6", "", "C", 62.99, 62.99, 35.43, 0],
		[32, "Arduino Nano_9", 1545, -1335, "B", "DIP", "D6", "", "C", 62.99, 62.99, 35.43, 0],
		[33, "Arduino Nano_10", 1445, -1335, "T", "DIP", "D7", "", "C", 62.99, 62.99, 35.43, 0],
		[34, "Arduino Nano_10", 1445, -1335, "B", "DIP", "D7", "", "C", 62.99, 62.99, 35.43, 0],
		[35, "Arduino Nano_11", 1345, -1335, "T", "DIP", "D8", "", "C", 62.99, 62.99, 35.43, 0],
		[36, "Arduino Nano_11", 1345, -1335, "B", "DIP", "D8", "", "C", 62.99, 62.99, 35.43, 0],
		[37, "Arduino Nano_12", 1245, -1335, "T", "DIP", "D9", "", "C", 62.99, 62.99, 35.43, 0],
		[38, "Arduino Nano_12", 1245, -1335, "B", "DIP", "D9", "", "C", 62.99, 62.99, 35.43, 0],
		[39, "Arduino Nano_13", 1145, -1335, "T", "DIP", "Arduino Nano_13", "", "C", 62.99, 62.99, 35.43, 0],
		[40, "Arduino Nano_13", 1145, -1335, "B", "DIP", "Arduino Nano_13", "", "C", 62.99, 62.99, 35.43, 0],
		[41, "Arduino Nano_14", 1045, -1335, "T", "DIP", "Arduino Nano_14", "", "C", 62.99, 62.99, 35.43, 0],
		[42, "Arduino Nano_14", 1045, -1335, "B", "DIP", "Arduino Nano_14", "", "C", 62.99, 62.99, 35.43, 0],
		[43, "Arduino Nano_15", 945, -1335, "T", "DIP", "Arduino Nano_15", "", "C", 62.99, 62.99, 35.43, 0],
		[44, "Arduino Nano_15", 945, -1335, "B", "DIP", "Arduino Nano_15", "", "C", 62.99, 62.99, 35.43, 0],
		[45, "Arduino Nano_16", 945, -1935, "T", "DIP", "Arduino Nano_16", "", "C", 62.99, 62.99, 35.43, 0],
		[46, "Arduino Nano_16", 945, -1935, "B", "DIP", "Arduino Nano_16", "", "C", 62.99, 62.99, 35.43, 0],
		[47, "Arduino Nano_17", 1045, -1935, "T", "DIP", "3V3", "", "C", 62.99, 62.99, 35.43, 0],
		[48, "Arduino Nano_17", 1045, -1935, "B", "DIP", "3V3", "", "C", 62.99, 62.99, 35.43, 0],
		[49, "Arduino Nano_18", 1145, -1935, "T", "DIP", "Arduino Nano_18", "", "C", 62.99, 62.99, 35.43, 0],
		[50, "Arduino Nano_18", 1145, -1935, "B", "DIP", "Arduino Nano_18", "", "C", 62.99, 62.99, 35.43, 0],
		[51, "Arduino Nano_19", 1245, -1935, "T", "DIP", "Arduino Nano_19", "", "C", 62.99, 62.99, 35.43, 0],
		[52, "Arduino Nano_19", 1245, -1935, "B", "DIP", "Arduino Nano_19", "", "C", 62.99, 62.99, 35.43, 0],
		[53, "Arduino Nano_20", 1345, -1935, "T", "DIP", "Arduino Nano_20", "", "C", 62.99, 62.99, 35.43, 0],
		[54, "Arduino Nano_20", 1345, -1935, "B", "DIP", "Arduino Nano_20", "", "C", 62.99, 62.99, 35.43, 0],
		[55, "Arduino Nano_21", 1445, -1935, "T", "DIP", "Arduino Nano_21", "", "C", 62.99, 62.99, 35.43, 0],
		[56, "Arduino Nano_21", 1445, -1935, "B", "DIP", "Arduino Nano_21", "", "C", 62.99, 62.99, 35.43, 0],
		[57, "Arduino Nano_22", 1545, -1935, "T", "DIP", "Arduino Nano_22", "", "C", 62.99, 62.99, 35.43, 0],
		[58, "Arduino Nano_22", 1545, -1935, "B", "DIP", "Arduino Nano_22", "", "C", 62.99, 62.99, 35.43, 0],
		[59, "Arduino Nano_23", 1645, -1935, "T", "DIP", "Arduino Nano_23", "", "C", 62.99, 62.99, 35.43, 0],
		[60, "Arduino Nano_23", 1645, -1935, "B", "DIP", "Arduino Nano_23", "", "C", 62.99, 62.99, 35.43, 0],
		[61, "Arduino Nano_24", 1745, -1935, "T", "DIP", "Arduino Nano_24", "", "C", 62.99, 62.99, 35.43, 0],
		[62, "Arduino Nano_24", 1745, -1935, "B", "DIP", "Arduino Nano_24", "", "C", 62.99, 62.99, 35.43, 0],
		[63, "Arduino Nano_25", 1845, -1935, "T", "DIP", "Arduino Nano_25", "", "C", 62.99, 62.99, 35.43, 0],
		[64, "Arduino Nano_25", 1845, -1935, "B", "DIP", "Arduino Nano_25", "", "C", 62.99, 62.99, 35.43, 0],
		[65, "Arduino Nano_26", 1945, -1935, "T", "DIP", "Arduino Nano_26", "", "C", 62.99, 62.99, 35.43, 0],
		[66, "Arduino Nano_26", 1945, -1935, "B", "DIP", "Arduino Nano_26", "", "C", 62.99, 62.99, 35.43, 0],
		[67, "Arduino Nano_27", 2045, -1935, "T", "DIP", "+5V", "", "C", 62.99, 62.99, 35.43, 0],
		[68, "Arduino Nano_27", 2045, -1935, "B", "DIP", "+5V", "", "C", 62.99, 62.99, 35.43, 0],
		[69, "Arduino Nano_28", 2145, -1935, "T", "DIP", "Arduino Nano_28", "", "C", 62.99, 62.99, 35.43, 0],
		[70, "Arduino Nano_28", 2145, -1935, "B", "DIP", "Arduino Nano_28", "", "C", 62.99, 62.99, 35.43, 0],
		[71, "Arduino Nano_29", 2245, -1935, "T", "DIP", "GND", "GND", "C", 62.99, 62.99, 35.43, 0],
		[72, "Arduino Nano_29", 2245, -1935, "B", "DIP", "GND", "GND", "C", 62.99, 62.99, 35.43, 0],
		[73, "Arduino Nano_30", 2345, -1935, "T", "DIP", "$1N2137", "", "R", 62.99, 62.99, 35.43, 0],
		[74, "Arduino Nano_30", 2345, -1935, "B", "DIP", "$1N2137", "", "R", 62.99, 62.99, 35.43, 0],
		[75, "H1_1", 2390, -230, "T", "DIP", "D3", "", "R", 62, 62, 40.16, 0],
		[76, "H1_1", 2390, -230, "B", "DIP", "D3", "", "R", 62, 62, 40.16, 0],
		[77, "H1_2", 2490, -230, "T", "DIP", "D4", "", "C", 62, 62, 40.16, 0],
		[78, "H1_2", 2490, -230, "B", "DIP", "D4", "", "C", 62, 62, 40.16, 0],
		[79, "H1_3", 2590, -230, "T", "DIP", "D5", "", "C", 62, 62, 40.16, 0],
		[80, "H1_3", 2590, -230, "B", "DIP", "D5", "", "C", 62, 62, 40.16, 0],
		[81, "LED1_1", 2560, -1430, "T", "DIP", "$1N2711", "", "C", 60, 60, 36, 0],
		[82, "LED1_1", 2560, -1430, "B", "DIP", "$1N2711", "", "C", 60, 60, 36, 0],
		[83, "LED1_2", 2660, -1430, "T", "DIP", "$1N2707", "", "C", 60, 60, 36, 0],
		[84, "LED1_2", 2660, -1430, "B", "DIP", "$1N2707", "", "C", 60, 60, 36, 0],
		[85, "LED2_1", 2560, -1675, "T", "DIP", "$1N2822", "", "C", 60, 60, 36, 0],
		[86, "LED2_1", 2560, -1675, "B", "DIP", "$1N2822", "", "C", 60, 60, 36, 0],
		[87, "LED2_2", 2660, -1675, "T", "DIP", "$1N2827", "", "C", 60, 60, 36, 0],
		[88, "LED2_2", 2660, -1675, "B", "DIP", "$1N2827", "", "C", 60, 60, 36, 0],
		[89, "LED3_1", 2560, -1925, "T", "DIP", "$1N2938", "", "C", 60, 60, 36, 0],
		[90, "LED3_1", 2560, -1925, "B", "DIP", "$1N2938", "", "C", 60, 60, 36, 0],
		[91, "LED3_2", 2660, -1925, "T", "DIP", "$1N2943", "", "C", 60, 60, 36, 0],
		[92, "LED3_2", 2660, -1925, "B", "DIP", "$1N2943", "", "C", 60, 60, 36, 0],
		[93, "OUT1_1", 2905, -425, "T", "DIP", "$1N3237", "", "C", 78.74, 78.74, 51.18, 90],
		[94, "OUT1_1", 2905, -425, "B", "DIP", "$1N3237", "", "C", 78.74, 78.74, 51.18, 90],
		[95, "OUT1_2", 2905, -625, "T", "DIP", "$1N3284", "", "C", 78.74, 78.74, 51.18, 90],
		[96, "OUT1_2", 2905, -625, "B", "DIP", "$1N3284", "", "C", 78.74, 78.74, 51.18, 90],
		[97, "OUT2_1", 2905, -870, "T", "DIP", "$1N3242", "", "C", 78.74, 78.74, 51.18, 90],
		[98, "OUT2_1", 2905, -870, "B", "DIP", "$1N3242", "", "C", 78.74, 78.74, 51.18, 90],
		[99, "OUT2_2", 2905, -1070, "T", "DIP", "$1N3278", "", "C", 78.74, 78.74, 51.18, 90],
		[100, "OUT2_2", 2905, -1070, "B", "DIP", "$1N3278", "", "C", 78.74, 78.74, 51.18, 90],
		[101, "OUT3_1", 2905, -1320, "T", "DIP", "$1N3248", "", "C", 78.74, 78.74, 51.18, 90],
		[102, "OUT3_1", 2905, -1320, "B", "DIP", "$1N3248", "", "C", 78.74, 78.74, 51.18, 90],
		[103, "OUT3_2", 2905, -1520, "T", "DIP", "$1N3272", "", "C", 78.74, 78.74, 51.18, 90],
		[104, "OUT3_2", 2905, -1520, "B", "DIP", "$1N3272", "", "C", 78.74, 78.74, 51.18, 90],
		[105, "PIR_1", 565, -1610, "T", "DIP", "+5V", "", "R", 62, 62, 40.16, 270],
		[106, "PIR_1", 565, -1610, "B", "DIP", "+5V", "", "R", 62, 62, 40.16, 270],
		[107, "PIR_2", 565, -1710, "T", "DIP", "D6", "", "C", 62, 62, 40.16, 270],
		[108, "PIR_2", 565, -1710, "B", "DIP", "D6", "", "C", 62, 62, 40.16, 270],
		[109, "PIR_3", 565, -1810, "T", "DIP", "GND", "GND", "C", 62, 62, 40.16, 270],
		[110, "PIR_3", 565, -1810, "B", "DIP", "GND", "GND", "C", 62, 62, 40.16, 270],
		[111, "POWER LED_1", 635, -425, "T", "DIP", "$1N2034", "", "C", 60, 60, 36, 0],
		[112, "POWER LED_1", 635, -425, "B", "DIP", "$1N2034", "", "C", 60, 60, 36, 0],
		[113, "POWER LED_2", 735, -425, "T", "DIP", "GND", "GND", "C", 60, 60, 36, 0],
		[114, "POWER LED_2", 735, -425, "B", "DIP", "GND", "GND", "C", 60, 60, 36, 0],
		[115, "Q1_1", 2020, -2200, "T", "DIP", "$1N3284", "", "R", 78.74, 98.42, 51.18, 180],
		[116, "Q1_1", 2020, -2200, "B", "DIP", "$1N3284", "", "R", 78.74, 98.42, 51.18, 180],
		[117, "Q1_2", 1920, -2200, "T", "DIP", "$1N3237", "", "O", 78.74, 98.42, 51.18, 180],
		[118, "Q1_2", 1920, -2200, "B", "DIP", "$1N3237", "", "O", 78.74, 98.42, 51.18, 180],
		[119, "Q1_3", 1820, -2200, "T", "DIP", "$1N3076", "", "O", 78.74, 98.42, 51.18, 180],
		[120, "Q1_3", 1820, -2200, "B", "DIP", "$1N3076", "", "O", 78.74, 98.42, 51.18, 180],
		[121, "Q2_1", 1430, -2200, "T", "DIP", "$1N3278", "", "R", 78.74, 98.42, 51.18, 180],
		[122, "Q2_1", 1430, -2200, "B", "DIP", "$1N3278", "", "R", 78.74, 98.42, 51.18, 180],
		[123, "Q2_2", 1330, -2200, "T", "DIP", "$1N3242", "", "O", 78.74, 98.42, 51.18, 180],
		[124, "Q2_2", 1330, -2200, "B", "DIP", "$1N3242", "", "O", 78.74, 98.42, 51.18, 180],
		[125, "Q2_3", 1230, -2200, "T", "DIP", "$1N3080", "", "O", 78.74, 98.42, 51.18, 180],
		[126, "Q2_3", 1230, -2200, "B", "DIP", "$1N3080", "", "O", 78.74, 98.42, 51.18, 180],
		[127, "Q3_1", 830, -2200, "T", "DIP", "$1N3272", "", "R", 78.74, 98.42, 51.18, 180],
		[128, "Q3_1", 830, -2200, "B", "DIP", "$1N3272", "", "R", 78.74, 98.42, 51.18, 180],
		[129, "Q3_2", 730, -2200, "T", "DIP", "$1N3248", "", "O", 78.74, 98.42, 51.18, 180],
		[130, "Q3_2", 730, -2200, "B", "DIP", "$1N3248", "", "O", 78.74, 98.42, 51.18, 180],
		[131, "Q3_3", 630, -2200, "T", "DIP", "$1N3087", "", "O", 78.74, 98.42, 51.18, 180],
		[132, "Q3_3", 630, -2200, "B", "DIP", "$1N3087", "", "O", 78.74, 98.42, 51.18, 180],
		[133, "R1_1", 725, -846.73, "T", "DIP", "$1N2034", "", "C", 47.24, 47.24, 31.5, 90],
		[134, "R1_1", 725, -846.73, "B", "DIP", "$1N2034", "", "C", 47.24, 47.24, 31.5, 90],
		[135, "R1_2", 725, -563.27, "T", "DIP", "$1N2137", "", "C", 47.24, 47.24, 31.5, 90],
		[136, "R1_2", 725, -563.27, "B", "DIP", "$1N2137", "", "C", 47.24, 47.24, 31.5, 90],
		[137, "R2_1", 1300, -1786.73, "T", "DIP", "$1N2711", "", "C", 47.24, 47.24, 31.5, 90],
		[138, "R2_1", 1300, -1786.73, "B", "DIP", "$1N2711", "", "C", 47.24, 47.24, 31.5, 90],
		[139, "R2_2", 1300, -1503.27, "T", "DIP", "D7", "", "C", 47.24, 47.24, 31.5, 90],
		[140, "R2_2", 1300, -1503.27, "B", "DIP", "D7", "", "C", 47.24, 47.24, 31.5, 90],
		[141, "R3_1", 1390, -1786.73, "T", "DIP", "$1N2822", "", "C", 47.24, 47.24, 31.5, 90],
		[142, "R3_1", 1390, -1786.73, "B", "DIP", "$1N2822", "", "C", 47.24, 47.24, 31.5, 90],
		[143, "R3_2", 1390, -1503.27, "T", "DIP", "D8", "", "C", 47.24, 47.24, 31.5, 90],
		[144, "R3_2", 1390, -1503.27, "B", "DIP", "D8", "", "C", 47.24, 47.24, 31.5, 90],
		[145, "R4_1", 1480, -1786.73, "T", "DIP", "$1N2938", "", "C", 47.24, 47.24, 31.5, 90],
		[146, "R4_1", 1480, -1786.73, "B", "DIP", "$1N2938", "", "C", 47.24, 47.24, 31.5, 90],
		[147, "R4_2", 1480, -1503.27, "T", "DIP", "D9", "", "C", 47.24, 47.24, 31.5, 90],
		[148, "R4_2", 1480, -1503.27, "B", "DIP", "D9", "", "C", 47.24, 47.24, 31.5, 90],
		[149, "R5_1", 1570, -1786.73, "T", "DIP", "$1N3237", "", "C", 47.24, 47.24, 31.5, 90],
		[150, "R5_1", 1570, -1786.73, "B", "DIP", "$1N3237", "", "C", 47.24, 47.24, 31.5, 90],
		[151, "R5_2", 1570, -1503.27, "T", "DIP", "$1N3254", "", "C", 47.24, 47.24, 31.5, 90],
		[152, "R5_2", 1570, -1503.27, "B", "DIP", "$1N3254", "", "C", 47.24, 47.24, 31.5, 90],
		[153, "R6_1", 1660, -1786.73, "T", "DIP", "$1N3284", "", "C", 47.24, 47.24, 31.5, 90],
		[154, "R6_1", 1660, -1786.73, "B", "DIP", "$1N3284", "", "C", 47.24, 47.24, 31.5, 90],
		[155, "R6_2", 1660, -1503.27, "T", "DIP", "$1N3076", "", "C", 47.24, 47.24, 31.5, 90],
		[156, "R6_2", 1660, -1503.27, "B", "DIP", "$1N3076", "", "C", 47.24, 47.24, 31.5, 90],
		[157, "R7_1", 1750, -1786.73, "T", "DIP", "$1N3242", "", "C", 47.24, 47.24, 31.5, 90],
		[158, "R7_1", 1750, -1786.73, "B", "DIP", "$1N3242", "", "C", 47.24, 47.24, 31.5, 90],
		[159, "R7_2", 1750, -1503.27, "T", "DIP", "$1N3263", "", "C", 47.24, 47.24, 31.5, 90],
		[160, "R7_2", 1750, -1503.27, "B", "DIP", "$1N3263", "", "C", 47.24, 47.24, 31.5, 90],
		[161, "R8_1", 1840, -1786.73, "T", "DIP", "$1N3278", "", "C", 47.24, 47.24, 31.5, 90],
		[162, "R8_1", 1840, -1786.73, "B", "DIP", "$1N3278", "", "C", 47.24, 47.24, 31.5, 90],
		[163, "R8_2", 1840, -1503.27, "T", "DIP", "$1N3080", "", "C", 47.24, 47.24, 31.5, 90],
		[164, "R8_2", 1840, -1503.27, "B", "DIP", "$1N3080", "", "C", 47.24, 47.24, 31.5, 90],
		[165, "R9_1", 1930, -1786.73, "T", "DIP", "$1N3248", "", "C", 47.24, 47.24, 31.5, 90],
		[166, "R9_1", 1930, -1786.73, "B", "DIP", "$1N3248", "", "C", 47.24, 47.24, 31.5, 90],
		[167, "R9_2", 1930, -1503.27, "T", "DIP", "$1N3267", "", "C", 47.24, 47.24, 31.5, 90],
		[168, "R9_2", 1930, -1503.27, "B", "DIP", "$1N3267", "", "C", 47.24, 47.24, 31.5, 90],
		[169, "R10_1", 2020, -1786.73, "T", "DIP", "$1N3272", "", "C", 47.24, 47.24, 31.5, 90],
		[170, "R10_1", 2020, -1786.73, "B", "DIP", "$1N3272", "", "C", 47.24, 47.24, 31.5, 90],
		[171, "R10_2", 2020, -1503.27, "T", "DIP", "$1N3087", "", "C", 47.24, 47.24, 31.5, 90],
		[172, "R10_2", 2020, -1503.27, "B", "DIP", "$1N3087", "", "C", 47.24, 47.24, 31.5, 90],
		[173, "Rectifier_1", 883.59, -661.89, "T", "DIP", "$1N2020", "", "C", 78.74, 78.74, 47.24, 0],
		[174, "Rectifier_1", 883.59, -661.89, "B", "DIP", "$1N2020", "", "C", 78.74, 78.74, 47.24, 0],
		[175, "Rectifier_2", 883.59, -898.11, "T", "DIP", "$1N2021", "", "C", 78.74, 78.74, 47.24, 0],
		[176, "Rectifier_2", 883.59, -898.11, "B", "DIP", "$1N2021", "", "C", 78.74, 78.74, 47.24, 0],
		[177, "Rectifier_3", 2206.41, -425.67, "T", "DIP", "GND", "GND", "C", 78.74, 78.74, 47.24, 0],
		[178, "Rectifier_3", 2206.41, -425.67, "B", "DIP", "GND", "GND", "C", 78.74, 78.74, 47.24, 0],
		[179, "Rectifier_4", 2206.41, -1134.33, "T", "DIP", "$1N2046", "", "C", 78.74, 78.74, 47.24, 0],
		[180, "Rectifier_4", 2206.41, -1134.33, "B", "DIP", "$1N2046", "", "C", 78.74, 78.74, 47.24, 0],
		[181, "S1_1", 2905, -1770, "T", "DIP", "D3", "", "C", 78.74, 78.74, 51.18, 90],
		[182, "S1_1", 2905, -1770, "B", "DIP", "D3", "", "C", 78.74, 78.74, 51.18, 90],
		[183, "S1_2", 2905, -1970, "T", "DIP", "GND", "GND", "C", 78.74, 78.74, 51.18, 90],
		[184, "S1_2", 2905, -1970, "B", "DIP", "GND", "GND", "C", 78.74, 78.74, 51.18, 90],
		[185, "S2_1", 2905, -2220, "T", "DIP", "D4", "", "C", 78.74, 78.74, 51.18, 90],
		[186, "S2_1", 2905, -2220, "B", "DIP", "D4", "", "C", 78.74, 78.74, 51.18, 90],
		[187, "S2_2", 2905, -2420, "T", "DIP", "GND", "GND", "C", 78.74, 78.74, 51.18, 90],
		[188, "S2_2", 2905, -2420, "B", "DIP", "GND", "GND", "C", 78.74, 78.74, 51.18, 90],
		[189, "S3_1", 2580, -2300, "T", "DIP", "D5", "", "C", 78.74, 78.74, 51.18, 0],
		[190, "S3_1", 2580, -2300, "B", "DIP", "D5", "", "C", 78.74, 78.74, 51.18, 0],
		[191, "S3_2", 2380, -2300, "T", "DIP", "GND", "GND", "C", 78.74, 78.74, 51.18, 0],
		[192, "S3_2", 2380, -2300, "B", "DIP", "GND", "GND", "C", 78.74, 78.74, 51.18, 0],
		[193, "SCREW1_1", 205, -2535, "T", "DIP", "SCREW1_1", "", "C", 78.74, 78.74, 78.74, 0],
		[194, "SCREW1_1", 205, -2535, "B", "DIP", "SCREW1_1", "", "C", 78.74, 78.74, 78.74, 0],
		[195, "SCREW2_1", 3240, -240, "T", "DIP", "SCREW2_1", "", "C", 78.74, 78.74, 78.74, 0],
		[196, "SCREW2_1", 3240, -240, "B", "DIP", "SCREW2_1", "", "C", 78.74, 78.74, 78.74, 0],
		[197, "SCREW3_1", 205, -240, "T", "DIP", "SCREW3_1", "", "C", 78.74, 78.74, 78.74, 0],
		[198, "SCREW3_1", 205, -240, "B", "DIP", "SCREW3_1", "", "C", 78.74, 78.74, 78.74, 0],
		[199, "SCREW4_1", 3225, -2535, "T", "DIP", "SCREW4_1", "", "C", 78.74, 78.74, 78.74, 0],
		[200, "SCREW4_1", 3225, -2535, "B", "DIP", "SCREW4_1", "", "C", 78.74, 78.74, 78.74, 0],
		[201, "SW1_1", 231.02, -930, "T", "DIP", "$1N2032", "", "O", 66.93, 114.17, 90.55, 0],
		[202, "SW1_1", 231.02, -930, "B", "DIP", "$1N2032", "", "O", 66.93, 114.17, 90.55, 0],
		[203, "SW1_2", 420, -930, "T", "DIP", "$1N2137", "", "O", 66.93, 114.17, 90.55, 0],
		[204, "SW1_2", 420, -930, "B", "DIP", "$1N2137", "", "O", 66.93, 114.17, 90.55, 0],
		[205, "SW1_3", 608.98, -930, "T", "DIP", "$1N2046", "", "O", 66.93, 114.17, 90.55, 0],
		[206, "SW1_3", 608.98, -930, "B", "DIP", "$1N2046", "", "O", 66.93, 114.17, 90.55, 0],
		[207, "SW2_1", 223.23, -1792.95, "T", "DIP", "GND", "GND", "C", 78.74, 78.74, 47.24, 270],
		[208, "SW2_1", 223.23, -1792.95, "B", "DIP", "GND", "GND", "C", 78.74, 78.74, 47.24, 270],
		[209, "SW2_2", 223.23, -1537.05, "T", "DIP", "SW2_2", "", "C", 78.74, 78.74, 47.24, 270],
		[210, "SW2_2", 223.23, -1537.05, "B", "DIP", "SW2_2", "", "C", 78.74, 78.74, 47.24, 270],
		[211, "SW2_3", 376.77, -1792.95, "T", "DIP", "$1N5781", "", "C", 78.74, 78.74, 47.24, 270],
		[212, "SW2_3", 376.77, -1792.95, "B", "DIP", "$1N5781", "", "C", 78.74, 78.74, 47.24, 270],
		[213, "SW2_4", 376.77, -1537.05, "T", "DIP", "$1N5781", "", "C", 78.74, 78.74, 47.24, 270],
		[214, "SW2_4", 376.77, -1537.05, "B", "DIP", "$1N5781", "", "C", 78.74, 78.74, 47.24, 270],
		[215, "U5_1", 290, -1930, "T", "DIP", "D2", "", "C", 62.99, 62.99, 39.37, 270],
		[216, "U5_1", 290, -1930, "B", "DIP", "D2", "", "C", 62.99, 62.99, 39.37, 270],
		[217, "U5_2", 290, -2030, "T", "DIP", "GND", "GND", "C", 62.99, 62.99, 39.37, 270],
		[218, "U5_2", 290, -2030, "B", "DIP", "GND", "GND", "C", 62.99, 62.99, 39.37, 270],
		[219, "U5_3", 290, -2130, "T", "DIP", "+5V", "", "C", 62.99, 62.99, 39.37, 270],
		[220, "U5_3", 290, -2130, "B", "DIP", "+5V", "", "C", 62.99, 62.99, 39.37, 270],
		[221, "U6_1", 2360, -370, "T", "DIP", "$1N2707", "", "R", 70.87, 70.87, 39.37, 0],
		[222, "U6_1", 2360, -370, "B", "DIP", "$1N2707", "", "R", 70.87, 70.87, 39.37, 0],
		[223, "U6_2", 2360, -470, "T", "DIP", "GND", "GND", "C", 70.87, 70.87, 39.37, 0],
		[224, "U6_2", 2360, -470, "B", "DIP", "GND", "GND", "C", 70.87, 70.87, 39.37, 0],
		[225, "U6_3", 2360, -570, "T", "DIP", "U6_3", "", "C", 70.87, 70.87, 39.37, 0],
		[226, "U6_3", 2360, -570, "B", "DIP", "U6_3", "", "C", 70.87, 70.87, 39.37, 0],
		[227, "U6_4", 2660, -570, "T", "DIP", "$1N3076", "", "C", 70.87, 70.87, 39.37, 0],
		[228, "U6_4", 2660, -570, "B", "DIP", "$1N3076", "", "C", 70.87, 70.87, 39.37, 0],
		[229, "U6_5", 2660, -470, "T", "DIP", "U6_5", "", "C", 70.87, 70.87, 39.37, 0],
		[230, "U6_5", 2660, -470, "B", "DIP", "U6_5", "", "C", 70.87, 70.87, 39.37, 0],
		[231, "U6_6", 2660, -370, "T", "DIP", "$1N3254", "", "C", 70.87, 70.87, 39.37, 0],
		[232, "U6_6", 2660, -370, "B", "DIP", "$1N3254", "", "C", 70.87, 70.87, 39.37, 0],
		[233, "U7_1", 2360, -695, "T", "DIP", "$1N2827", "", "R", 70.87, 70.87, 39.37, 0],
		[234, "U7_1", 2360, -695, "B", "DIP", "$1N2827", "", "R", 70.87, 70.87, 39.37, 0],
		[235, "U7_2", 2360, -795, "T", "DIP", "GND", "GND", "C", 70.87, 70.87, 39.37, 0],
		[236, "U7_2", 2360, -795, "B", "DIP", "GND", "GND", "C", 70.87, 70.87, 39.37, 0],
		[237, "U7_3", 2360, -895, "T", "DIP", "U7_3", "", "C", 70.87, 70.87, 39.37, 0],
		[238, "U7_3", 2360, -895, "B", "DIP", "U7_3", "", "C", 70.87, 70.87, 39.37, 0],
		[239, "U7_4", 2660, -895, "T", "DIP", "$1N3080", "", "C", 70.87, 70.87, 39.37, 0],
		[240, "U7_4", 2660, -895, "B", "DIP", "$1N3080", "", "C", 70.87, 70.87, 39.37, 0],
		[241, "U7_5", 2660, -795, "T", "DIP", "U7_5", "", "C", 70.87, 70.87, 39.37, 0],
		[242, "U7_5", 2660, -795, "B", "DIP", "U7_5", "", "C", 70.87, 70.87, 39.37, 0],
		[243, "U7_6", 2660, -695, "T", "DIP", "$1N3263", "", "C", 70.87, 70.87, 39.37, 0],
		[244, "U7_6", 2660, -695, "B", "DIP", "$1N3263", "", "C", 70.87, 70.87, 39.37, 0],
		[245, "U8_1", 2360, -1010, "T", "DIP", "$1N2943", "", "R", 70.87, 70.87, 39.37, 0],
		[246, "U8_1", 2360, -1010, "B", "DIP", "$1N2943", "", "R", 70.87, 70.87, 39.37, 0],
		[247, "U8_2", 2360, -1110, "T", "DIP", "GND", "GND", "C", 70.87, 70.87, 39.37, 0],
		[248, "U8_2", 2360, -1110, "B", "DIP", "GND", "GND", "C", 70.87, 70.87, 39.37, 0],
		[249, "U8_3", 2360, -1210, "T", "DIP", "U8_3", "", "C", 70.87, 70.87, 39.37, 0],
		[250, "U8_3", 2360, -1210, "B", "DIP", "U8_3", "", "C", 70.87, 70.87, 39.37, 0],
		[251, "U8_4", 2660, -1210, "T", "DIP", "$1N3087", "", "C", 70.87, 70.87, 39.37, 0],
		[252, "U8_4", 2660, -1210, "B", "DIP", "$1N3087", "", "C", 70.87, 70.87, 39.37, 0],
		[253, "U8_5", 2660, -1110, "T", "DIP", "U8_5", "", "C", 70.87, 70.87, 39.37, 0],
		[254, "U8_5", 2660, -1110, "B", "DIP", "U8_5", "", "C", 70.87, 70.87, 39.37, 0],
		[255, "U8_6", 2660, -1010, "T", "DIP", "$1N3267", "", "C", 70.87, 70.87, 39.37, 0],
		[256, "U8_6", 2660, -1010, "B", "DIP", "$1N3267", "", "C", 70.87, 70.87, 39.37, 0]
	]
}
}